method,primary_external_mean
MKG,0.5816674675807953
Uni-Cox,0.5748348378728323
Cox-Lasso,0.5159345406839881
Cox-EN,0.5131854724173645

