Cancer,fast_weight_mode,submission_weight_mode,weight_mode_changed,fast_dominant_layer,submission_dominant_layer,dominant_layer_changed,fast_weights_coexpr_meth_cnv,submission_weights_coexpr_meth_cnv,top20_jaccard_MKG,train_cindex_fast_MKG,train_cindex_submission_MKG,train_cindex_delta,external_cohort_fast,external_cohort_submission,external_cindex_fast_MKG,external_cindex_submission_MKG,external_cindex_delta,manual_review_flag
LUAD,reject_all_graphs,dual_driven,True,no_relation,cnv,True,0.000/0.000/0.000,0.000/0.000/1.000,0.5384615384615384,0.7046518550591292,0.7029740481151733,-0.0016778069439559173,GSE31210,GSE31210,0.6683263732733697,0.6480886604561517,-0.02023771281721809,True
LIHC,dual_driven,dual_driven,False,cnv,coexpr,True,0.451/0.000/0.549,1.000/0.000/0.000,0.48148148148148145,0.7342039707103495,0.7611912131048539,0.02698724239450445,GSE76427,GSE76427,0.4806991988346686,0.4879825200291333,0.007283321194464676,True
KIRC,dual_driven,dual_driven,False,coexpr,coexpr,False,0.970/0.030/0.000,1.000/0.000/0.000,0.3793103448275862,0.7787365177195685,0.8039034411915768,0.025166923472008218,GSE29609,GSE29609,0.3103448275862069,0.2823275862068966,-0.02801724137931033,False
COAD,reject_all_graphs,dual_driven,True,no_relation,meth,True,0.000/0.000/0.000,0.000/0.834/0.166,0.6,0.7551936018726226,0.7756754120745147,0.020481810201892103,GSE39582,GSE39582,0.5176086747912868,0.5156072216814948,-0.0020014531097920507,True
STAD,dual_driven,reject_all_graphs,True,meth,no_relation,True,0.151/0.495/0.354,0.000/0.000/0.000,0.48148148148148145,0.6929136442708504,0.7071585650047593,0.014244920733908817,GSE84437,GSE84437,0.5498164205921412,0.5470822591985001,-0.0027341613936411324,True
HNSC,dual_driven,dual_driven,False,meth,meth,False,0.135/0.808/0.058,0.000/1.000/0.000,0.6666666666666666,0.6848632308486323,0.6991668509916685,0.014303620143036211,GSE65858,GSE65858,0.5442022774580629,0.5390596302191747,-0.005142647238888243,False

