{
  "LUAD": {
    "single_coexpr": 0.6178927079987151,
    "equal": 0.647928043687761,
    "joint": 0.6480886604561517,
    "stability_only": 0.647928043687761
  },
  "LIHC": {
    "single_coexpr": 0.6584995663486557,
    "equal": 0.6579213645562301,
    "joint": 0.6584995663486557,
    "stability_only": 0.6579213645562301
  },
  "KIRC": {
    "single_coexpr": 0.2823275862068966,
    "equal": 0.28663793103448276,
    "joint": 0.2823275862068966,
    "stability_only": 0.2801724137931034
  },
  "COAD": {
    "single_coexpr": 0.5169506628099854,
    "equal": 0.5155523873497196,
    "joint": 0.5156072216814948,
    "stability_only": 0.5155523873497196
  },
  "STAD": {
    "single_coexpr": 0.5428482149832045,
    "equal": 0.5463166940082806,
    "joint": 0.5470822591985001,
    "stability_only": 0.5463323177876729
  },
  "HNSC": {
    "single_coexpr": 0.5407738459654708,
    "equal": 0.5406514019835925,
    "joint": 0.5390596302191747,
    "stability_only": 0.5406514019835925
  },
  "_mean_exclKIRC": {
    "single_coexpr": 0.5753929996212063,
    "equal": 0.5816739783171168,
    "stability_only": 0.5816771030729952,
    "joint": 0.5816674675807953
  }
}
