cancer,n_repeats,no_relation_frequency,dominant_layer_mode,dominant_layer_mode_frequency,coexpr_dominant_frequency,w_coexpr_mean,w_coexpr_sd,meth_dominant_frequency,w_meth_mean,w_meth_sd,cnv_dominant_frequency,w_cnv_mean,w_cnv_sd
COAD,3,0.0,meth,0.6666666666666666,0.0,0.0,0.0,0.6666666666666666,0.6666666666666666,0.5773502691896258,0.3333333333333333,0.3333333333333333,0.5773502691896258
HNSC,3,0.6666666666666666,no_relation,0.6666666666666666,0.0,0.0,0.0,0.0,0.0,0.0,0.3333333333333333,0.3333333333333333,0.5773502691896258
KIRC,3,0.6666666666666666,no_relation,0.6666666666666666,0.3333333333333333,0.2986876431058976,0.5173421734524146,0.0,0.011050297985508667,0.019139677549677023,0.0,0.02359539224192703,0.04086841818753414
LIHC,3,0.0,coexpr,0.6666666666666666,0.6666666666666666,0.5226668452017647,0.5015389891266703,0.0,0.0,0.0,0.3333333333333333,0.47733315479823535,0.5015389891266703
LUAD,3,0.0,meth,0.6666666666666666,0.3333333333333333,0.3333333333333333,0.5773502691896258,0.6666666666666666,0.5524934298222398,0.5081994495505748,0.0,0.11417323684442687,0.1977538470791423
STAD,3,0.3333333333333333,meth,0.6666666666666666,0.0,0.16927592703753844,0.18912159112278912,0.6666666666666666,0.4818001069039477,0.4410329748748906,0.0,0.015590632725180508,0.027003768002158667

