Cancer,weight_mode,baseline_ci_no_relation,w_coexpr,stability_coexpr,delta_coexpr,w_meth,stability_meth,delta_meth,w_cnv,stability_cnv,delta_cnv
LUAD,dual_driven,0.6892602701343312,0.0,0.4489188804780732,-0.00434660251260266,0.0,0.44471601835689967,-0.0013271753069422632,1.0,0.26768743047766386,0.002082799283973702
LIHC,dual_driven,0.7528238958984398,1.0,0.29055034070802704,0.005953584717720006,0.0,0.2944544699443624,-0.0073791007366170724,0.0,0.32778221501785476,-0.012656497696555635
KIRC,dual_driven,0.7695239788414998,1.0,0.3089712472723893,0.01641652910384428,0.0,0.27514361402514304,-0.0029697557991756884,0.0,0.5102422295498732,-0.009999163583778614
COAD,dual_driven,0.7363204260026086,0.0,0.19972436773206587,-0.00838223371304081,0.8341627447072119,0.19323090372906468,0.012252497059118794,0.1658372552927882,0.16723872631809159,0.0028144637051839005
STAD,reject_all_graphs,0.7113465314399132,0.0,0.20240959060499195,-0.0149111501666781,0.0,0.19086961225609234,-0.020406255655409433,0.0,0.22421801313847944,-0.018937804417823445
HNSC,dual_driven,0.6949508149239607,0.0,0.3964767155834768,-0.004542760443531746,1.0,0.35421410369462825,0.004104234021177988,0.0,0.32338445455230086,-0.010598719363620446

